{
  "best_global_step": null,
  "best_metric": null,
  "best_model_checkpoint": null,
  "epoch": 1.0,
  "eval_steps": 100,
  "global_step": 63,
  "is_hyper_param_search": false,
  "is_local_process_zero": true,
  "is_world_process_zero": true,
  "log_history": [
    {
      "entropy": 2.16304931640625,
      "epoch": 0.32,
      "grad_norm": 0.20982207357883453,
      "learning_rate": 0.0001697631521134985,
      "loss": 2.166427230834961,
      "mean_token_accuracy": 0.5941669505089522,
      "num_tokens": 54896.0,
      "step": 20
    },
    {
      "entropy": 1.62896728515625,
      "epoch": 0.64,
      "grad_norm": 0.18581826984882355,
      "learning_rate": 7.113080526603792e-05,
      "loss": 1.5640664100646973,
      "mean_token_accuracy": 0.7001508086919784,
      "num_tokens": 107085.0,
      "step": 40
    },
    {
      "entropy": 1.58914794921875,
      "epoch": 0.96,
      "grad_norm": 0.18046890199184418,
      "learning_rate": 2.259661018213333e-06,
      "loss": 1.5592565536499023,
      "mean_token_accuracy": 0.7014033570885658,
      "num_tokens": 159645.0,
      "step": 60
    }
  ],
  "logging_steps": 20,
  "max_steps": 63,
  "num_input_tokens_seen": 0,
  "num_train_epochs": 1,
  "save_steps": 200,
  "stateful_callbacks": {
    "TrainerControl": {
      "args": {
        "should_epoch_stop": false,
        "should_evaluate": false,
        "should_log": false,
        "should_save": true,
        "should_training_stop": true
      },
      "attributes": {}
    }
  },
  "total_flos": 1891190898966528.0,
  "train_batch_size": 4,
  "trial_name": null,
  "trial_params": null
}
